AmOneLet,Codon,frequency,Percentage,R,GC3,RSCU
F,TTT,26.1,0.5865168539325843,,N,1.1730337078651687
F,TTC,18.4,0.4134831460674157,,Y,0.8269662921348314
C,TGT,8.1,0.627906976744186,,N,1.255813953488372
C,TGC,4.8,0.372093023255814,,Y,0.744186046511628
K,AAA,41.9,0.5763411279229711,,N,1.1526822558459422
K,AAG,30.8,0.4236588720770289,,Y,0.8473177441540578
E,GAA,45.6,0.7037037037037037,,N,1.4074074074074074
E,GAG,19.2,0.2962962962962963,,Y,0.5925925925925926
T,ACT,20.3,0.3452380952380953,,N,1.3809523809523812
T,ACC,12.7,0.21598639455782312,,Y,0.8639455782312925
T,ACA,17.8,0.30272108843537415,,N,1.2108843537414966
T,ACG,8.0,0.1360544217687075,,Y,0.54421768707483
V,GTT,22.1,0.3911504424778761,,N,1.5646017699115045
V,GTC,11.8,0.20884955752212392,,Y,0.8353982300884957
V,GTA,11.8,0.20884955752212392,,N,0.8353982300884957
V,GTG,10.8,0.19115044247787613,,Y,0.7646017699115045
W,TGG,10.4,1.0,,Y,1.0
Q,CAA,27.3,0.6928934010152284,,N,1.385786802030457
Q,CAG,12.1,0.30710659898477155,,Y,0.6142131979695431
H,CAT,13.6,0.6355140186915889,,N,1.2710280373831777
H,CAC,7.8,0.36448598130841126,,Y,0.7289719626168225
I,ATA,17.8,0.27342549923195086,,N,0.8202764976958525
M,ATG,20.9,1.0,起始密码子,Y,1.0
P,CCT,13.5,0.30751708428246016,,N,1.2300683371298406
P,CCC,6.8,0.1548974943052392,,Y,0.6195899772209568
P,CCA,18.3,0.4168564920273349,,N,1.6674259681093395
P,CCG,5.3,0.12072892938496584,,Y,0.48291571753986334
G,GGT,23.9,0.4723320158102766,,N,1.8893280632411065
G,GGC,9.8,0.19367588932806326,,Y,0.774703557312253
G,GGA,10.9,0.21541501976284586,,N,0.8616600790513834
G,GGG,6.0,0.11857707509881422,,Y,0.4743083003952569
I,ATT,30.1,0.46236559139784955,,N,1.3870967741935487
I,ATC,17.2,0.2642089093701997,,Y,0.7926267281105991
N,AAT,35.7,0.5900826446280992,,N,1.1801652892561985
N,AAC,24.8,0.4099173553719008,,Y,0.8198347107438017
D,GAT,37.6,0.6505190311418686,,N,1.3010380622837372
D,GAC,20.2,0.3494809688581315,,Y,0.698961937716263
L,CTT,12.3,0.12947368421052632,,N,0.776842105263158
L,CTC,5.4,0.056842105263157895,,Y,0.3410526315789474
L,CTA,13.4,0.14105263157894737,,N,0.8463157894736842
L,CTG,10.5,0.11052631578947368,,Y,0.6631578947368421
S,TCT,23.5,0.2640449438202247,,N,1.5842696629213482
S,TCC,14.2,0.1595505617977528,,Y,0.9573033707865167
S,TCA,18.7,0.2101123595505618,,N,1.2606741573033706
S,TCG,8.6,0.09662921348314607,,Y,0.5797752808988764
S,AGT,14.2,0.1595505617977528,,N,0.9573033707865167
S,AGC,9.8,0.11011235955056181,,Y,0.6606741573033709
Y,TAT,18.8,0.5595238095238095,,N,1.119047619047619
Y,TAC,14.8,0.44047619047619047,,Y,0.8809523809523809
L,TTA,26.2,0.27578947368421053,,N,1.654736842105263
L,TTG,27.2,0.2863157894736842,,Y,1.7178947368421051
R,CGT,6.4,0.14479638009049772,,N,0.8687782805429863
R,CGC,2.6,0.058823529411764705,,Y,0.3529411764705882
R,CGA,3.0,0.06787330316742081,,N,0.4072398190045249
R,CGG,1.7,0.03846153846153846,,Y,0.23076923076923073
R,AGA,21.3,0.4819004524886878,,N,2.8914027149321266
R,AGG,9.2,0.20814479638009048,,Y,1.248868778280543
A,GCT,21.2,0.3772241992882562,,N,1.5088967971530247
A,GCC,12.6,0.22419928825622773,,Y,0.8967971530249109
A,GCA,16.2,0.2882562277580071,,N,1.1530249110320283
A,GCG,6.2,0.11032028469750889,,Y,0.44128113879003555
stop,TAA,1.1,0.47826086956521746,,N,1.4347826086956523
stop,TAG,0.5,0.2173913043478261,,Y,0.6521739130434783
stop,TGA,0.7,0.30434782608695654,,N,0.9130434782608696
