AmOneLet,Codon,frequency,Percentage,RSCU,GC3
F,TTT,15.9,0.4087403598971723,0.8174807197943446,N
S,TCT,21.8,0.2655298416565165,1.593179049939099,N
Y,TAT,6.8,0.22742474916387959,0.45484949832775917,N
C,TGT,6.1,0.5,1.0,N
F,TTC,23.0,0.5912596401028278,1.1825192802056557,Y
S,TCC,20.6,0.25091352009744217,1.505481120584653,Y
Y,TAC,23.1,0.7725752508361204,1.5451505016722409,Y
C,TGC,6.1,0.5,1.0,Y
L,TTA,1.8,0.020737327188940093,0.12442396313364056,N
S,TCA,7.8,0.09500609013398295,0.5700365408038977,N
*,TAA,0.8,0.4,1.2000000000000002,N
*,TGA,0.4,0.2,0.6000000000000001,N
L,TTG,10.4,0.11981566820276499,0.7188940092165899,Y
S,TCG,15.4,0.18757612667478687,1.1254567600487213,Y
*,TAG,0.8,0.4,1.2000000000000002,Y
W,TGG,12.1,1.0,1.0,Y
L,CTT,13.2,0.15207373271889402,0.9124423963133641,N
P,CCT,17.4,0.31985294117647056,1.2794117647058822,N
H,CAT,9.6,0.39999999999999997,0.7999999999999999,N
R,CGT,6.0,0.11857707509881422,0.7114624505928854,N
L,CTC,22.6,0.2603686635944701,1.5622119815668205,Y
P,CCC,23.3,0.4283088235294118,1.7132352941176472,Y
H,CAC,14.4,0.6,1.2,Y
R,CGC,4.4,0.08695652173913045,0.5217391304347827,Y
L,CTA,5.3,0.06105990783410138,0.3663594470046083,N
P,CCA,6.9,0.12683823529411767,0.5073529411764707,N
Q,CAA,9.8,0.23389021479713604,0.4677804295942721,N
R,CGA,21.7,0.42885375494071143,2.5731225296442686,N
L,CTG,33.5,0.3859447004608295,2.315668202764977,Y
P,CCG,6.8,0.125,0.5,Y
Q,CAG,32.1,0.7661097852028639,1.5322195704057278,Y
R,CGG,7.7,0.15217391304347827,0.9130434782608696,Y
I,ATT,22.4,0.45714285714285713,1.3714285714285714,N
T,ACT,16.2,0.26644736842105265,1.0657894736842106,N
N,AAT,8.9,0.22139303482587064,0.4427860696517413,N
S,AGT,6.7,0.08160779537149818,0.48964677222898906,N
I,ATC,24.4,0.49795918367346936,1.493877551020408,Y
T,ACC,25.6,0.4210526315789474,1.6842105263157896,Y
N,AAC,31.3,0.7786069651741293,1.5572139303482586,Y
S,AGC,9.8,0.11936662606577346,0.7161997563946407,Y
I,ATA,2.2,0.04489795918367347,0.1346938775510204,N
T,ACA,10.5,0.17269736842105263,0.6907894736842105,N
K,AAA,12.4,0.2105263157894737,0.4210526315789474,N
R,AGA,8.4,0.16600790513833993,0.9960474308300395,N
M,ATG,22.6,1.0,1.0,Y
T,ACG,8.5,0.13980263157894737,0.5592105263157895,Y
K,AAG,46.5,0.7894736842105263,1.5789473684210527,Y
R,AGG,2.4,0.04743083003952569,0.2845849802371541,Y
V,GTT,15.8,0.23582089552238808,0.9432835820895523,N
A,GCT,25.5,0.3256704980842912,1.3026819923371649,N
D,GAT,21.5,0.3595317725752509,0.7190635451505017,N
G,GGT,16.6,0.260596546310832,1.042386185243328,N
V,GTC,21.5,0.3208955223880597,1.2835820895522387,Y
A,GCC,32.7,0.41762452107279696,1.6704980842911878,Y
D,GAC,38.3,0.6404682274247492,1.2809364548494984,Y
G,GGC,21.8,0.34222919937205654,1.3689167974882261,Y
V,GTA,4.0,0.05970149253731343,0.23880597014925373,N
A,GCA,11.2,0.14303959131545338,0.5721583652618135,N
E,GAA,18.8,0.28923076923076924,0.5784615384615385,N
G,GGA,20.9,0.3281004709576138,1.3124018838304552,N
V,GTG,25.7,0.38358208955223877,1.534328358208955,Y
A,GCG,8.9,0.1136653895274585,0.454661558109834,Y
E,GAG,46.2,0.7107692307692308,1.4215384615384616,Y
G,GGG,4.4,0.06907378335949765,0.2762951334379906,Y
