AmOneLet,Codon,frequency,Percentage,RESCT,GC3,RSCU
F,TTT,22.1,0.5800524934383202,,N,1.1601049868766404
F,TTC,16.0,0.4199475065616798,,Y,0.8398950131233596
C,TGT,5.2,0.46017699115044247,,N,0.9203539823008849
C,TGC,6.1,0.5398230088495575,,Y,1.079646017699115
K,AAA,35.3,0.740041928721174,,N,1.480083857442348
K,AAG,12.4,0.25995807127882603,,Y,0.5199161425576521
E,GAA,39.1,0.6764705882352942,,N,1.3529411764705883
E,GAG,18.7,0.3235294117647059,,Y,0.6470588235294118
T,ACT,10.3,0.18625678119349007,,N,0.7450271247739603
T,ACC,22.0,0.39783001808318263,,Y,1.5913200723327305
T,ACA,9.3,0.1681735985533454,,N,0.6726943942133816
T,ACG,13.7,0.24773960216998192,,Y,0.9909584086799277
V,GTT,19.8,0.28245363766048504,,N,1.1298145506419401
V,GTC,14.3,0.20399429386590587,,Y,0.8159771754636235
V,GTA,11.6,0.16547788873038516,,N,0.6619115549215406
V,GTG,24.4,0.34807417974322397,,Y,1.3922967189728959
W,TGG,13.9,1.0,,Y,1.0
Q,CAA,14.6,0.3395348837209302,,N,0.6790697674418604
Q,CAG,28.4,0.6604651162790698,,Y,1.3209302325581396
H,CAT,12.5,0.573394495412844,,N,1.146788990825688
H,CAC,9.3,0.42660550458715596,,Y,0.8532110091743119
I,ATA,6.8,0.11276948590381426,,N,0.3383084577114428
M,ATG,26.4,1.0,,Y,1.0
P,CCT,7.5,0.1768867924528302,,N,0.7075471698113208
P,CCC,5.4,0.12735849056603774,,Y,0.5094339622641509
P,CCA,8.6,0.2028301886792453,,N,0.8113207547169812
P,CCG,20.9,0.49292452830188677,,Y,1.971698113207547
G,GGT,25.5,0.34741144414168934,,N,1.3896457765667574
G,GGC,27.1,0.3692098092643052,,Y,1.4768392370572208
G,GGA,9.5,0.12942779291553133,,N,0.5177111716621253
G,GGG,11.3,0.1539509536784741,,Y,0.6158038147138964
I,ATT,29.8,0.494195688225539,,N,1.482587064676617
I,ATC,23.7,0.39303482587064675,,Y,1.1791044776119404
N,AAT,20.6,0.4904761904761905,,N,0.980952380952381
N,AAC,21.4,0.5095238095238095,,Y,1.019047619047619
D,GAT,32.7,0.630057803468208,,N,1.260115606936416
D,GAC,19.2,0.36994219653179183,,Y,0.7398843930635837
L,CTT,11.9,0.11666666666666667,,N,0.7
L,CTC,10.2,0.09999999999999999,,Y,0.6
L,CTA,4.2,0.041176470588235294,,N,0.24705882352941178
L,CTG,48.4,0.4745098039215686,,Y,2.8470588235294114
S,TCT,10.4,0.16774193548387098,,N,1.006451612903226
S,TCC,9.1,0.14677419354838708,,Y,0.8806451612903226
S,TCA,8.9,0.1435483870967742,,N,0.8612903225806452
S,TCG,8.5,0.13709677419354838,,Y,0.8225806451612903
S,AGT,9.9,0.15967741935483873,,N,0.9580645161290324
S,AGC,15.2,0.24516129032258063,,Y,1.4709677419354839
Y,TAT,17.5,0.5892255892255892,,N,1.1784511784511784
Y,TAC,12.2,0.41077441077441074,,Y,0.8215488215488215
L,TTA,14.3,0.14019607843137255,,N,0.8411764705882353
L,TTG,13.0,0.12745098039215685,,Y,0.7647058823529411
R,CGT,20.0,0.3629764065335753,,N,2.1778584392014517
R,CGC,19.7,0.35753176043557167,,Y,2.14519056261343
R,CGA,3.8,0.06896551724137931,,N,0.41379310344827586
R,CGG,5.9,0.10707803992740472,,Y,0.6424682395644283
R,AGA,3.6,0.06533575317604355,,N,0.3920145190562613
R,AGG,2.1,0.038112522686025406,,Y,0.22867513611615242
A,GCT,17.1,0.18466522678185748,,N,0.7386609071274299
A,GCC,24.2,0.2613390928725702,,Y,1.0453563714902807
A,GCA,21.2,0.2289416846652268,,N,0.9157667386609072
A,GCG,30.1,0.3250539956803456,,Y,1.3002159827213824
stop,TAA,2.0,0.6060606060606061,,N,1.8181818181818183
stop,TAG,0.3,0.09090909090909091,,Y,0.2727272727272727
stop,TGA,1.0,0.30303030303030304,,N,0.9090909090909092
